SKN,Station.Name,OBSERVER,Network,Island,ELEV.m.,LAT,LON,NCEI.id,NWS.id,NESDIS.id,SCAN.id,SMART_NODE_RF.id
2,MANUKA 2,COOP,COOP,BI,534,19.10866032,-155.8255447,USC00516134,NA,NA,NA,NA
2.1,KAHUKU MAUKA,COOP,COOP,BI,957,19.1089,-155.7467,USC00512566,NA,NA,NA,NA
2.32,SOUTH KONA 2 2.32,COOP,COOP,BI,647,19.10778,-155.78944,USC00518652,NA,NA,NA,NA
2.34,MILOLII 2.34,COOP,COOP,BI,280,19.186302,-155.886763,USC00516304,NA,NA,NA,NA
2.35,HONOMALINO 2.35,COOP,COOP,BI,610,19.201,-155.843,USC00511922,NA,NA,NA,NA
2.36,KAPUA 2.36,COOP,COOP,BI,533,19.14472,-155.84944,USC00513376,NA,NA,NA,NA
2.9,CAPTAIN COOK 2.9 SSE,CoCoRaHS,CoCoRaHS,BI,238,19.4594,-155.8938,US1HIHI0019,NA,NA,NA,NA
3.11,MAUKA RESERVOIR 3.11,COOP,COOP,BI,1521,19.1618,-155.6695,USC00516144,NA,NA,NA,NA
3.22,HAWAIIAN OCEAN VIEW 4.7 NNE,CoCoRaHS,CoCoRaHS,BI,1273,19.135,-155.747,US1HIHI0035,NA,NA,NA,NA
3.9,LOWER KAHUKU CS,RAWS,RAWS,BI,953.7192,19.10083333,-155.66972222,NA,LKHH1,32D620C2,NA,NA
4.12,NAALEHU 4.6 WSW,CoCoRaHS,CoCoRaHS,BI,391,19.0424,-155.6354,US1HIHI0001,NA,NA,NA,NA
4.13,NAALEHU 5.0 WSW,CoCoRaHS,CoCoRaHS,BI,436,19.0424,-155.643,US1HIHI0010,NA,NA,NA,NA
4.14,"NAALEHU 4.7 WSW, HI US",CoCoRaHs,CoCoRaHs,BI,393.18,19.0421,-155.6371,US1HIHI0057,NA,NA,NA,NA
5.1,KIOLAKAA A AND F 6,COOP,COOP,BI,317,19.01361,-155.66194,USC00513054,NA,NA,NA,NA
6,KIOLAKAA A&F 6,COOP,COOP,BI,587,19.07032619,-155.6355484,USC00514625,NA,NA,NA,NA
6.2,NAALEHU 5.7 W,CoCoRaHS,CoCoRaHS,BI,679,19.0732,-155.6632,US1HIHI0012,NA,NA,NA,NA
6.3,KAHUKU MILL CAMP 6.3,COOP,COOP,BI,668,19.0654,-155.6781,USC00512568,NA,NA,NA,NA
9.2,Nene Cabin,RAWS,RAWS,BI,710.4888,19.34805556,-155.1258333,NA,AHMH1,32D64524,NA,NA
12.15,SEA MOUNTAIN 12.15,COOP,COOP,BI,21,19.13310292,-155.5152744,USC00518600,NA,NA,NA,NA
14,NAALEHU 14,COOP,COOP,BI,206,19.06032754,-155.5855501,USC00516588,NA,NA,NA,NA
21,Pahala,NWS,HydroNet-UaNet,BI,346.8624,19.2042999,-155.4872,USC00517421,PPLH1,B16084B2,NA,NA
21.3,PAHALA MAUKA 21.3,COOP,COOP,BI,332,19.20667,-155.48861,USC00517437,NA,NA,NA,NA
21.4,"HAWAIIAN OCEAN VIEW 1.7 NNE, HI US",CoCoRaHs,CoCoRaHs,BI,733.03,19.0908,-155.7552,US1HIHI0059,NA,NA,NA,NA
23,KAHUKU,RAWS,RAWS,BI,1796.4912,19.23222222,-155.78,NA,KRCH1,32639544,NA,NA
24.1,OPIHIHALE 2 24.1,COOP,COOP,BI,396,19.27032215,-155.8738768,USC00517166,NA,NA,NA,NA
24.4,KAOHE MAKAI 24.4,COOP,COOP,BI,37,19.317,-155.883,USC00513146,NA,NA,NA,NA
26.2,KEALAKEKUA 26.2,COOP,COOP,BI,442,19.48975723,-155.9122125,USC00513977,NA,NA,NA,NA
27,HONAUNAU 27,COOP,COOP,BI,332,19.4403158,-155.8788789,USC00511665,NA,NA,NA,NA
27.4,PUUHONUA O HONA 27.4,COOP,COOP,BI,5,19.4184,-155.9112,USC00518552,NA,NA,NA,NA
27.6,Honaunau No. 2,NWS,HydroNet-UaNet,BI,398.0688,19.4629002,-155.882399999999,NA,HAUH1,15D12742,NA,NA
28,NAPOOPOO 28,COOP,COOP,BI,122,19.46864784,-155.9055458,USC00516697,NA,NA,NA,NA
28.5,CAPTAIN COOK 3.4 SSE,CoCoRaHS,CoCoRaHS,BI,385,19.4572,-155.8794,US1HIHI0045,NA,NA,NA,NA
29,KAAWALOA 29,COOP,COOP,BI,409,19.4919792,-155.9172124,USC00512327,NA,NA,NA,NA
29.12,Kealakekua,NWS,HydroNet-UaNet,BI,537.972,19.5181007,-155.915899999999,NA,KLEH1,81708572,NA,NA
34,Kapapala Ranch,NWS,HydroNet-UaNet,BI,638.556,19.2754993,-155.4514,USC00513300,KAYH1,B16097C4,NA,NA
36.3,KAPAPALA RANCH,S&PF,RAWS,BI,1081,19.25811,-155.441781,NA,KPRH1,AA10E258,NA,NA
38.8,KEALAKOMO 38.8,COOP,COOP,BI,84,19.29472,-155.14444,USC00514080,NA,NA,NA,NA
38.9,KAELAKOMO,RAWS,RAWS,BI,29.5656,19.29277778,-155.1075,NA,KMOH1,32807432,NA,NA
39,Mauna Loa Observatory,ESRL/GMD,ESRL/GMD,BI,3397,19.5362,-155.5763,USC00516198,MOBH1,NA,NA,NA
39.1,Mauna Loa Upper,State,STATE,BI,3341,19.53863295,-155.5722206,NA,NA,NA,NA,NA
39.2,MAUNA LOA 5 NNE,USCRN,USCRN,BI,3398,19.5354,-155.576,USW00021514,MLBH1,CD07379A,NA,NA
43.3,PUHE CS,NPS,RAWS,BI,34.126,20.025,-155.8211111,NA,PHRH1,32D61558,NA,NA
47,KEMOKU LAVA FLOW,RAWS,RAWS,BI,1706.88,19.47555556,-155.36277778,USR0000HKEA,KKUH1,FA4447E8,NA,NA
48,PALI 2,NPS,RAWS,BI,847.344,19.3175,-155.29222222,USR0000HPAL,PLIH1,FA900222,NA,NA
49,KEAUMO,RAWS,RAWS,BI,1682.496,19.47361111,-155.35888889,USR0000HKMO,HKMO,NA,NA,NA
54,HAWAII VOLCNS NP HQ 54,COOP,COOP,BI,1210,19.429741,-155.257146,USC00511303,NA,NA,NA,NA
54.2,Glenwood,NWS,HydroNet-UaNet,BI,802.2336,19.5076008,-155.1707,USC00510744,GLNH1,NA,NA,NA
54.8,Thurston,HavoNet,HavoNet,BI,1202,19.41528,-155.23833,NA,NA,NA,NA,NA
54.9,Ola a,HavoNet,HavoNet,BI,1040,19.47833,-155.215,NA,NA,NA,NA,NA
55.1,VOLCANO 4.3 SSE,CoCoRaHS,CoCoRaHS,BI,1059,19.4391,-155.2156,US1HIHI0013,NA,NA,NA,NA
55.3,VOLCANO 4.4 S,CoCoRaHS,CoCoRaHS,BI,1158,19.4338,-155.2417,US1HIHI0040,NA,NA,NA,NA
55.4,GLENWOOD NO 2 55.4,COOP,COOP,BI,671,19.52194,-155.14389,USC00510746,NA,NA,NA,NA
55.5,MOUNTAIN VIEW 0.6 ESE,CoCoRaHS,CoCoRaHS,BI,663,19.5179,-155.1402,US1HIHI0042,NA,NA,NA,NA
55.6,VOLCANO 4.0,COOP,COOP,BI,1194.8,19.441359,-155.2487445,US1HIHI0071,NA,NA,NA,NA
63,KALOKO-HONOKOHAU,RAWS,RAWS,BI,7.62,19.67277778,-156.02027778,NA,KHOH1,FA667668,NA,NA
65,PAHOA 65,COOP,COOP,BI,204,19.49197865,-154.9455586,USC00517457,NA,NA,NA,NA
65.4,PAHOA 2.1 E,CoCoRaHS,CoCoRaHS,BI,137,19.5043,-154.9165,US1HIHI0003,NA,NA,NA,NA
65.6,"KURTISTOWN 6.6 SSE, HI US",CoCoRaHs,CoCoRaHs,BI,339.63,19.5021,-155.029,US1HIHI0055,NA,NA,NA,NA
66.6,PAHOA 3.3 SEE,COOP,COOP,BI,254.2,19.459069,-154.921985,US1HIHI0052,NA,NA,NA,NA
67.12,LAE APUKI 67.12,COOP,COOP,BI,24,19.3918,-154.9313,USC00515150,NA,NA,NA,NA
67.13,PAHOA 7.5 S,CoCoRaHS,CoCoRaHS,BI,23,19.3918,-154.9313,US1HIHI0008,NA,NA,NA,NA
67.14,"PAHOA 3.0 SSE, HI US",CoCoRaHs,CoCoRaHs,BI,284.69,19.4573,-154.9338,US1HIHI0056,NA,NA,NA,NA
67.7,PAHOA 2.7 SSE,CoCoRaHS,CoCoRaHS,BI,259,19.4654,-154.927,US1HIHI0051,NA,NA,NA,NA
67.9,KEAUOHANA 67.9,COOP,COOP,BI,232,19.4132,-154.9522,USC00514171,NA,NA,NA,NA
68.12,Kailua-K,NREL,NREL,BI,4,19.728144,-156.058936,NA,NA,NA,NA,NA
68.13,KE-AHOLE POINT 68.13,COOP,COOP,BI,3,19.72779668,-156.0586039,USC00513911,NA,NA,NA,NA
68.14,HONOKOHAU HARBOR 68.14,COOP,COOP,BI,9,19.67944,-156.02333,USC00511880,NA,NA,NA,NA
68.2,LANIHAU 68.2,COOP,COOP,BI,466,19.66196803,-155.9588816,USC00515330,NA,NA,NA,NA
68.21,KAILUA KONA KE AHOLE AIRPORT,NWS,NWS,BI,27,19.73556,-156.04889,USW00021510,HKO,NA,NA,NA
68.22,HOLUALOA 4.0 NW,CoCoRaHS,CoCoRaHS,BI,416,19.6799,-155.9699,US1HIHI0049,NA,NA,NA,NA
69.22,KALAOA 1.7,CoCoRaHS,CoCoRaHS,BI,304.5,19.7238,-155.9926,US1HIHI0006,NA,NA,NA,NA
69.25,Palamanui,HECO,HIPPNET,BI,297,19.73756,-155.99582,NA,NA,NA,NA,NA
69.26,KALAOA 2.2 ESE,CoCoRaHS,CoCoRaHS,BI,398,19.7189,-155.9859,US1HIHI0038,NA,NA,NA,NA
70,HOLUALOA 70,COOP,COOP,BI,982,19.6347,-155.9078,USC00511557,NA,NA,NA,NA
70.16,Waiaha Stream,NWS,HydroNet-UaNet,BI,460.5528,19.6331997,-155.9486,NA,WIHH1,9321011E,NA,NA
70.7,Puuwaawaa,HECO,HIPPNET,BI,1659,19.72544,-155.87389,NA,NA,NA,NA,NA
71,HONUAULA 71,COOP,COOP,BI,1905,19.671,-155.8764,USC00512047,NA,NA,NA,NA
73.2,KAINALIU 73.2,COOP,COOP,BI,457,19.53364321,-155.9255461,USC00512751,NA,NA,NA,NA
73.29,Kainaliu Upper,NWS,HydroNet-UaNet,BI,713.232,19.5310993,-155.9066,NA,KNUH1,NA,NA,NA
73.34,Kainaliu,SCAN,SCAN,BI,416,19.53333333,-155.9333333,NA,NA,NA,2096,NA
74.8,KEALAKEKUA 4 74.8,COOP,COOP,BI,433,19.5106,-155.9217,USC00513987,NA,NA,NA,NA
75.1,PTA KIPUKA ALALA,NPS,RAWS,BI,1641.348,19.66694444,-155.70777778,USR0000HPTK,PKAH1,32666200,NA,NA
76,KULANI MAUKA 76,COOP,COOP,BI,2530,19.58363059,-155.4538895,USC00515018,NA,NA,NA,NA
79,KULANI CAMP 79,COOP,COOP,BI,1576,19.54863532,-155.3005575,USC00515011,NA,NA,NA,NA
79.6,Kulani NWR,NWS,HydroNet-UaNet,BI,1623.3648,19.5543995,-155.308899999999,NA,KNWH1,NA,NA,NA
83,QuarryRainGageatSaddleRd,USGS,USGS,BI,1286.256,19.68586111,-155.2942222,NA,SDQH1,DDF6B6E4,NA,NA
85.2,Waiakea Uka,NWS,HydroNet-UaNet,BI,303.8856,19.6585999,-155.1277,USC00519084,WKAH1,NA,NA,NA
87,HILO INTERNATIONAL AIRPORT 87,NWS,HydroNet-UaNet,BI,11.6,19.7191,-155.053,USW00021504,HTO,NA,NA,NA
87.4,HILO ENE,CoCoRaHS,CoCoRaHS,BI,24,19.6996,-155.0728,US1HIHI0016,NA,NA,NA,NA
87.5,HILO 5 S,USCRN,USCRN,BI,189,19.645,-155.0827,USW00021515,NA,NA,NA,NA
87.6,HILO 0.7 E,CoCoRaHS,CoCoRaHS,BI,42,19.697,-155.076,US1HIHI0024,NA,NA,NA,NA
87.8,HILO 0.4 SW,CoCoRaHS,CoCoRaHS,BI,107,19.692,-155.0925,US1HIHI0039,NA,NA,NA,NA
87.9,IPIF,HECO,HIPPNET,BI,111,19.69748,-155.0954,NA,NA,NA,NA,NA
88.1,KAUMANA 88.1,COOP,COOP,BI,343,19.68362898,-155.1405634,USC00513510,NA,NA,NA,NA
88.2,WAIAKEA SCD 88.2,COOP,COOP,BI,287,19.65529741,-155.1205634,USC00519025,NA,NA,NA,NA
88.31,HILO 3.0,COOP,COOP,BI,242,19.71414,-155.12934,US1HIHI0053,NA,NA,NA,NA
89.11,Piihonua,NWS,HydroNet-UaNet,BI,296.8752,19.7098007,-155.1395,USC00518053,PIIH1,NA,NA,NA
89.13,"KAIWIKI HOMESTEAD 89.11, HI US",COOP,COOP,BI,379.67,19.7509,-155.1362,USC00512802,NA,NA,NA,NA
89.13,HILO 1.8 WNW,COOP,COOP,BI,151.5,19.70799,-155.11258,US1HIHI0066,NA,NA,NA,NA
89.2,AMAUULU 89.2,COOP,COOP,BI,390,19.73529295,-155.1455638,USC00510150,NA,NA,NA,NA
90.2,HILO 1.8 NNW,CoCoRaHS,CoCoRaHS,BI,46,19.7217,-155.0948,US1HIHI0026,NA,NA,NA,NA
91,MOUNTAIN VIEW 91,COOP,COOP,BI,463,19.5487,-155.1101,USC00516552,NA,NA,NA,NA
91.11,PUNA MACADAMIA O 91.11,COOP,COOP,BI,244,19.61861,-155.08667,USC00518315,NA,NA,NA,NA
91.12,HAWAIIAN BEACHES 91.12,COOP,COOP,BI,88,19.533,-154.917,USC00511300,NA,NA,NA,NA
91.13,KEAAU BEACH 91.13,COOP,COOP,BI,5,19.641,-154.981,USC00513868,NA,NA,NA,NA
91.14,KURTISTOWN 91.14,COOP,COOP,BI,223,19.59,-155.083,USC00515102,NA,NA,NA,NA
91.15,Mountain View,NWS,HydroNet-UaNet,BI,346.5576,19.5674992,-155.0841,NA,MTVH1,NA,NA,NA
91.16,"MOUNTAIN VIEW 4.5 NNE, HI US",CoCoRaHs,CoCoRaHs,BI,482.19,19.5808,-155.1216,US1HIHI0060,NA,NA,NA,NA
91.17,"PAHOA BEACON 91.9, HI US",COOP,COOP,BI,148.5,19.5407,-154.9728,USC00517460,NA,NA,NA,NA
91.6,KURTISTOWN 6.1 SSE,CoCoRaHS,CoCoRaHS,BI,295,19.5145,-155.0206,US1HIHI0037,NA,NA,NA,NA
91.7,MOUNTAIN VIEW 5.5 SE,CoCoRaHS,CoCoRaHS,BI,547,19.4708,-155.0842,US1HIHI0036,NA,NA,NA,NA
91.8,S GLEWNWOOD 91.8,COOP,COOP,BI,694,19.488,-155.149,USC00518638,NA,NA,NA,NA
91.9,Pahoa Beacon,NWS,HydroNet-UaNet,BI,187.1472,19.5149994,-154.9644,NA,PHAH1,NA,NA,NA
92,KEAAU 92,COOP,COOP,BI,87,19.62918887,-155.0333418,USC00513872,NA,NA,NA,NA
92.5,KiholoRainGage,USGS,USGS,BI,283.96692,19.82580556,-155.8925833,NA,KIRH1,DD60236E,NA,NA
93.11,KAPOHO BEACH 93.11,COOP,COOP,BI,4,19.48892483,-154.8200037,USC00513368,NA,NA,NA,NA
93.12,PUUANAHULU,S&PF,RAWS,BI,830.58,19.83277778,-155.76972222,NA,PULH1,48703040,NA,NA
93.13,Mamalahoa,HECO,HIPPNET,BI,636,19.80256,-155.85062,NA,NA,NA,NA,NA
93.5,KAPOHO LANDING 93.5,COOP,COOP,BI,88,19.50364409,-154.8605597,USC00513369,NA,NA,NA,NA
93.61,"PAHOA 4.7 NE, HI US",CoCoRaHs,CoCoRaHs,BI,53.95,19.5473,-154.8988,US1HIHI0065,NA,NA,NA,NA
93.62,PAHOA 5.7 NE,COOP,COOP,BI,27.4,19.5565,-154.8865,US1HIHI0070,NA,NA,NA,NA
93.63,HAWAIIAN PARADISE PARK 2.4 E,COOP,COOP,BI,10.1,19.594568,-154.936038,US1HIHI0072,NA,NA,NA,NA
93.64,KEAAU 5.5,COOP,COOP,BI,18,19.613803,-154.955684,US1HIHI0068,NA,NA,NA,NA
93.8,KONA VILLAGE 93.8,COOP,COOP,BI,12,19.8314012,-155.9858256,USC00514765,NA,NA,NA,NA
93.9,KiholoBay,HECO,HIPPNET,BI,2,19.85497,-155.9247,NA,NA,NA,NA,NA
94,KAUPULEHU LAVA FLOW,S&PF,RAWS,BI,372.1608,19.80333333,-155.91805556,NA,KPLH1,4870E628,NA,NA
94.5,PUU WAAWAA,S&PF,RAWS,BI,708.9648,19.795,-155.84527778,USR0000HPUW,PWWH1,487046D0,NA,NA
95.11,WAIKOLOA VILLAGE 2.7 ENE,CoCoRaHS,CoCoRaHS,BI,265,19.9465,-155.7883,US1HIHI0047,NA,NA,NA,NA
95.6,WAIKOLOA,S&PF,RAWS,BI,297.7896,19.92416667,-155.79361111,NA,WKVH1,4870C0C4,NA,NA
95.8,WAIKOLOA 95.8,COOP,COOP,BI,268,19.93389178,-155.7877744,USC00519142,NA,NA,NA,NA
95.9,WAIKOLOA BEACH RT 95.9,COOP,COOP,BI,24,19.91278,-155.87778,USC00519144,NA,NA,NA,NA
98.1,PUUKOHOLA HEIAU 98.1,COOP,COOP,BI,43,20.02666416,-155.81944,USC00518422,NA,NA,NA,NA
98.2,PUHO CS,NPS,RAWS,BI,29.5656,19.42194444,-155.9075,NA,PERH1,32D6803A,NA,NA
99,PTA WEST,DOD,RAWS,BI,1307.592,19.77166667,-155.70222222,USR0000HPTW,PKWH1,32667176,NA,NA
100,Waikii,State,STATE,BI,1417,19.82,-155.6508,NA,NA,NA,NA,NA
100.3,Waikii,NWS,HydroNet-UaNet,BI,1417.0152,19.8614006,-155.6506,NA,WHIH1,NA,NA,NA
101.1,PTA KEAMUKU,DOD,RAWS,BI,1025.9568,19.90222222,-155.67861111,NA,PKMH1,328FB7BE,NA,NA
102.8,AUHMOA,S&PF,RAWS,BI,2001.9264,19.83638889,-155.61305556,NA,AHMH1,4870D3B2,NA,NA
103,MAKAHALAU 103,COOP,COOP,BI,1165,19.9736104,-155.5488883,USC00515761,NA,NA,NA,NA
103.3,Mana House,SCAN,SCAN,BI,1288,19.96,-155.54,NA,NA,NA,2097,NA
107.3,BRADSHAW ARMY AIR FIELD,NWS,NWS,BI,1887,19.76,-155.55361,USW00021508,NA,NA,NA,NA
107.4,PTA EAST,DOD,RAWS,BI,1959.864,19.68277778,-155.54527778,USR0000HPTA,PTAH1,3266D18E,NA,NA
109,PTA RANGE 17,DOD,RAWS,BI,1734.312,19.74583333,-155.62611111,NA,NA,3279630C,NA,NA
111,HALEPOHAKU 111,COOP,COOP,BI,2811,19.76029046,-155.4555569,USC00511065,NA,NA,NA,NA
113.2,PUU MALI,S&PF,RAWS,BI,2165,19.16572,-155.420881,NA,PMLH1,3181742E,NA,NA
125.12,Pua Akala,SCAN,SCAN,BI,1949,19.8,-155.3333333,NA,NA,NA,2098,NA
127.5,Laupahoehoe,HECO,HIPPNET,BI,1145,19.93217,-155.29129,NA,NA,NA,NA,NA
128.1,Hakalau,HECO,HIPPNET,BI,1665,19.83873,-155.30797,NA,NA,NA,NA,NA
129,HAKALAU,FWS,RAWS,BI,1950.72,19.82111111,-155.33055556,USR0000HHAK,HKUH1,8374D370,NA,NA
131.1,OOKALA 2.8 S,CoCoRaHS,CoCoRaHS,BI,553,19.9777,-155.2831,US1HIHI0004,NA,NA,NA,NA
132.2,Spencer,HECO,HIPPNET,BI,454,19.96358,-155.25014,NA,NA,NA,NA,NA
132.3,POHAKUPUKA,COOP,COOP,BI,82,19.9522,-155.185,USC00518067,NA,NA,NA,NA
132.4,KAPEHU MAUKA 132.4,COOP,COOP,BI,335,19.95,-155.217,USC00513329,NA,NA,NA,NA
132.5,KIHALANI 132.5,COOP,COOP,BI,302,19.97278,-155.23944,USC00514459,NA,NA,NA,NA
133.1,LAUPAHOEHOE 133.1,COOP,COOP,BI,140,19.98027372,-155.2305601,USC00515427,NA,NA,NA,NA
133.3,Laupahoehoe,NWS,HydroNet-UaNet,BI,499.872,19.9792,-155.2372,NA,LPHH1,B159741A,NA,NA
136,HONOMU 136,COOP,COOP,BI,534,19.83862075,-155.160563,USC00511958,NA,NA,NA,NA
137.4,WAILEA 137.4,COOP,COOP,BI,61,19.8875,-155.12528,USC00519432,NA,NA,NA,NA
138.2,KAHUNA FALLS 138.2,COOP,COOP,BI,424,19.86139,-155.16361,USC00512595,NA,NA,NA,NA
138.3,HONOMU 2.8 SW,CoCoRaHS,CoCoRaHS,BI,385,19.8494,-155.15,US1HIHI0014,NA,NA,NA,NA
140.1,PAPAIKOU MAUKA NO 2 140,COOP,COOP,BI,427,19.78695738,-155.1388973,USC00517724,NA,NA,NA,NA
140.5,KAUKU 140.5,COOP,COOP,BI,457,19.835,-155.149,USC00513473,NA,NA,NA,NA
140.6,Papaikou Well,Hydronet,HydroNet-UaNet,BI,345.6432,19.7884998,-155.1313,NA,PPWH1,NA,NA,NA
142,HAKALAU 142,COOP,COOP,BI,53,19.89861522,-155.1272305,USC00510905,NA,NA,NA,NA
144.1,PAPAIKOU 144.1,COOP,COOP,BI,61,19.78362447,-155.0922318,USC00517711,NA,NA,NA,NA
144.11,PEPEEKEO 0.2 SSE,CoCoRaHS,CoCoRaHS,BI,178,19.8313,-155.1077,US1HIHI0002,NA,NA,NA,NA
144.12,PAPAIKOU 1.1 N,CoCoRaHS,CoCoRaHS,BI,108,19.8095,-155.0988,US1HIHI0011,NA,NA,NA,NA
144.9,PAPAIKOU 0.3 S,CoCoRaHS,CoCoRaHS,BI,76,19.7892,-155.0953,US1HIHI0041,NA,NA,NA,NA
147.1,MIDDLE PEN 147.1,COOP,COOP,BI,421,20.10027112,-155.8322151,USC00516270,NA,NA,NA,NA
147.2,KOHALA RANCH,S&PF,RAWS,BI,328.8792,20.08305556,-155.8325,NA,KHRH1,4870B654,NA,NA
159.2,UPOLU POINT USCG 159.2,COOP,COOP,BI,12,20.25025779,-155.8869314,USC00518830,NA,NA,NA,NA
168,HAWI 168,COOP,COOP,BI,183,20.23692665,-155.8272119,USC00511339,NA,NA,NA,NA
175.1,KOHALA MISSION 175.1,COOP,COOP,BI,163,20.2252605,-155.7922137,USC00514680,NA,NA,NA,NA
176.3,Kahua Ranch HQ,NWS,HydroNet-UaNet,BI,987.552,20.1249008,-155.7884,NA,KASH1,15D293C2,NA,NA
178.11,PONOHOLO RCH 178.11,COOP,COOP,BI,762,20.12554592,-155.7774941,USC00518101,NA,NA,NA,NA
179.3,POLOLU LOOKOUT 179.3,COOP,COOP,BI,149,20.20694,-155.73778,USC00518086,NA,NA,NA,NA
185.7,KawainuiRainGagenearKamuela,USGS,USGS,BI,1237.488,20.08533333,-155.6811667,NA,KWSH1,DDF6A592,NA,NA
189,Waimea Plain,SCAN,SCAN,BI,927,20.01666667,-155.6,NA,NA,NA,2099,NA
191.1,LALAMILO FLD OF 191.1,COOP,COOP,BI,799,20.01083015,-155.6763867,USC00515260,NA,NA,NA,NA
192.7,Kamuela Upper,NWS,HydroNet-UaNet,BI,948.5376,20.0319996,-155.666699999999,USC00513080,KUUH1,817075F6,NA,NA
192.9,PUUKAPU HMSTD 192.9,COOP,COOP,BI,916,20.0375,-155.6347,USC00518386,NA,NA,NA,NA
199,KUKUIHAELE HIC 199,COOP,COOP,BI,299,20.11526922,-155.5822202,USC00514928,NA,NA,NA,NA
201.3,Kamuela 1,NWS,HydroNet-UaNet,BI,877.824,20.0394993,-155.608399999999,NA,KMUH1,81706680,NA,NA
206.1,KUKUIHAELE 206.1,COOP,COOP,BI,226,20.12167,-155.57417,USC00514927,NA,NA,NA,NA
214,HAINA 214,COOP,COOP,BI,140,20.09193527,-155.4738903,USC00510840,NA,NA,NA,NA
215,HONOKAA TOWN 215,COOP,COOP,BI,326,20.08026947,-155.4672231,USC00511856,NA,NA,NA,NA
215.5,Honokaa,NWS,HydroNet-UaNet,BI,591.9216,20.0656,-155.49,NA,HNKH1,B15047DC,NA,NA
216.6,HONOKAA 2.5 SSW,CoCoRaHS,CoCoRaHS,BI,757,20.0417,-155.4777,US1HIHI0033,NA,NA,NA,NA
216.8,KALOPA 216.8,COOP,COOP,BI,396,20.06111,-155.43528,USC00512982,NA,NA,NA,NA
216.9,HONOKAA 2.7 ESE,CoCoRaHS,CoCoRaHS,BI,333,20.0606,-155.43,US1HIHI0034,NA,NA,NA,NA
217,PAAUHAU 217,COOP,COOP,BI,122,20.08360173,-155.4372236,USC00517204,NA,NA,NA,NA
217.2,PAAUHAU MAUKA 217.2,COOP,COOP,BI,341,20.07306,-155.44722,USC00517209,NA,NA,NA,NA
221,PAAUILO 221,COOP,COOP,BI,244,20.03860487,-155.3688913,USC00517312,NA,NA,NA,NA
221.7,PAAUILO 2.4 SW,CoCoRaHS,CoCoRaHS,BI,613,20.019,-155.3988,US1HIHI0050,NA,NA,NA,NA
222,KUKAIAU 222,COOP,COOP,BI,256,20.02693892,-155.3422253,USC00514815,NA,NA,NA,NA
222.8,PAAUILO 4.8 SE,CoCoRaHS,CoCoRaHS,BI,540,19.996,-155.3179,US1HIHI0043,NA,NA,NA,NA
223,OOKALA 223,COOP,COOP,BI,131,20.01527222,-155.2838932,USC00517131,NA,NA,NA,NA
249.1,MAKENA GOLF CRS 249.1,COOP,COOP,MA,30,20.6420893,-156.4388486,USC00515842,NA,NA,NA,NA
250,ULUPALAKUA RANCH 250,COOP,COOP,MA,579,20.648174,-156.398497,USC00518760,NA,NA,NA,NA
250.2,Ulupalakua Ranch,NWS,HydroNet-UaNet,MA,581.5584,20.6487999,-156.3981,NA,ULUH1,8170531A,NA,NA
252,AUWAHI 252,COOP,COOP,MA,628,20.62014695,-156.3288529,USC00510175,NA,NA,NA,NA
253,AUWAHI HN-141,HaleNet,HaleNet,MA,1166,20.64422222,-156.3420556,NA,NA,NA,NA,NA
255,KepuniGulchRainGage,USGS,USGS,MA,225.552,20.6195,-156.2518889,NA,KPNH1,F000D4EA,NA,NA
256,WAIOPAI RANCH 256,COOP,COOP,MA,67,20.63014664,-156.2038592,USC00519765,NA,NA,NA,NA
258.6,OHE'O 258.6,COOP,COOP,MA,24,20.662925,-156.04248,USC00517000,NA,NA,NA,NA
266,KAUPO GAP,NPS,RAWS,MA,1228.344,20.68416667,-156.15194444,USR0000HKAU,KPGH1,FA45A6E0,NA,NA
267,KULA HOSPITAL 267,COOP,COOP,MA,916,20.70013977,-156.3555187,USC00515004,NA,NA,NA,NA
267.2,POLIPOLI SPRINGS 267.2,COOP,COOP,MA,1875,20.67847493,-156.3288532,USC00518070,NA,NA,NA,NA
267.8,KULA 1,S&PF,RAWS,MA,1998.5736,20.68305556,-156.32166667,NA,KLFH1,AA10F12E,NA,NA
276,BIG BOG HN-164,HaleNet,HaleNet,MA,1650,20.72655556,-156.09225,NA,NA,NA,NA,NA
277,HORSHOE PU'U HN-163,HaleNet,HaleNet,MA,1930,20.73630556,-156.1071389,NA,NA,NA,NA,NA
278,TREE LINE HN-162,HaleNet,HaleNet,MA,2195,20.73422222,-156.1228889,NA,NA,NA,NA,NA
278.1,Lakes - Subalpine,Little HaleNet,Little HaleNet,MA,2228,20.73492113,-156.1234398,NA,NA,NA,NA,NA
278.11,Puu Alaea - Cloud forest,Little HaleNet,Little HaleNet,MA,1993,20.745673,-156.1425145,NA,NA,NA,NA,NA
278.12,Puu Alaea - Forest line,Little HaleNet,Little HaleNet,MA,2033,20.74567736,-156.1424321,NA,NA,NA,NA,NA
278.2,Lakes - Forest line,Little HaleNet,Little HaleNet,MA,2182,20.735063,-156.1222481,NA,NA,NA,NA,NA
278.3,Lakes - Cloud forest,Little HaleNet,Little HaleNet,MA,2143,20.73575551,-156.1214124,NA,NA,NA,NA,NA
278.4,Lakes - Alpine,Little HaleNet,Little HaleNet,MA,2304,20.73450891,-156.1273482,NA,NA,NA,NA,NA
278.5,Frisbee - Alpine,Little HaleNet,Little HaleNet,MA,2320,20.73857613,-156.1365744,NA,NA,NA,NA,NA
278.6,Frisbee - Subalpine,Little HaleNet,Little HaleNet,MA,2191,20.74071537,-156.1350318,NA,NA,NA,NA,NA
278.7,Frisbee - Forest line,Little HaleNet,Little HaleNet,MA,2135,20.74195056,-156.1342138,NA,NA,NA,NA,NA
278.71,Frisbee - Cloud forest,Little HaleNet,Little HaleNet,MA,2087,20.73622225,-156.1341472,NA,NA,NA,NA,NA
278.8,Puu Alaea - Alpine,Little HaleNet,Little HaleNet,MA,2320,20.74402239,-156.1421477,NA,NA,NA,NA,NA
278.9,Puu Alaea - Subalpine,Little HaleNet,Little HaleNet,MA,2075,20.74489428,-156.1421289,NA,NA,NA,NA,NA
279,POHAKAU PALAHA HN-161,HaleNet,HaleNet,MA,2460,20.73061111,-156.1413056,NA,NA,NA,NA,NA
280.1,OheoGulchRGatdamnearKipahulu,USGS,USGS,MA,128.016,20.66836111,-156.0522222,NA,NA,NA,NA,NA
296.1,OLOWALU 296.1,COOP,COOP,MA,8,20.81179866,-156.618842,USC00517059,NA,NA,NA,NA
297,Olowalu,USGS,USGS,MA,40,20.82305556,-156.6341667,NA,NA,NA,NA,NA
301,UKUMEHAME 301,COOP,COOP,MA,23,20.8034657,-156.5871762,USC00518750,NA,NA,NA,NA
307.2,POHAKEA BRIDGE 307.2,COOP,COOP,MA,50,20.81346495,-156.5071787,USC00518060,NA,NA,NA,NA
307.3,F908,HC&S,HC&S,MA,41,20.80713456,-156.5024709,NA,NA,NA,NA,NA
310.2,F907,HC&S,HC&S,MA,49,20.82150733,-156.4993746,NA,NA,NA,NA,NA
311,KIHEI 311,COOP,COOP,MA,26,20.78513334,-156.4505143,USC00514489,NA,NA,NA,NA
311.2,Kealia Pond NWR,FWS,RAWS,MA,3.6576,20.7975,-156.4772222,NA,KPDH1,32B2C438,NA,NA
311.3,KulanihakoiRaingagenrKihei,USGS,USGS,MA,10.668,20.76514444,-156.4480167,NA,NA,NA,NA,NA
311.5,Kihei 2,NWS,HydroNet-UaNet,MA,54.5592,20.7061005,-156.437,NA,KHIH1,93202508,NA,NA
311.6,F820,HC&S,HC&S,MA,68,20.79125141,-156.4421843,NA,NA,NA,NA,NA
311.7,F911,HC&S,HC&S,MA,67,20.81911804,-156.4730019,NA,NA,NA,NA,NA
313.4,F811,HC&S,HC&S,MA,105,20.80733084,-156.431548,NA,NA,NA,NA,NA
314.2,F415,HC&S,HC&S,MA,211,20.7839958,-156.4081719,NA,NA,NA,NA,NA
314.3,F805,HC&S,HC&S,MA,149,20.8141153,-156.416852,NA,NA,NA,NA,NA
315.1,F406,HC&S,HC&S,MA,158,20.8249298,-156.4062924,NA,NA,NA,NA,NA
316.4,F506,HC&S,HC&S,MA,168,20.83612045,-156.4021379,NA,NA,NA,NA,NA
317.3,F413,HC&S,HC&S,MA,256,20.81767236,-156.3869903,NA,NA,NA,NA,NA
321.6,F400,HC&S,HC&S,MA,323,20.82032023,-156.3680169,NA,NA,NA,NA,NA
324.6,KULA AG HN-119,HaleNet,HaleNet,MA,965,20.75788889,-156.3200278,NA,NA,NA,NA,NA
324.7,Kula Branch Stn,NWS,HydroNet-UaNet,MA,944.88,20.7577991,-156.321699999999,USC00515000,KBSH1,93220610,NA,NA
328.4,PU'U PAHU HN-106,HaleNet,HaleNet,MA,960,20.75763889,-156.2775,NA,NA,NA,NA,NA
332,OLINDA NUMBER 1 332,COOP,COOP,MA,1258,20.79679779,-156.2738548,USC00517040,NA,NA,NA,NA
333,UKULELE 333,COOP,COOP,MA,1595,20.79179801,-156.2521891,USC00518744,NA,NA,NA,NA
337,south rim,CraterNet,CraterNet,MA,2898,20.703948,-156.241101,NA,NA,NA,NA,NA
337.1,Sliding Sands,CraterNet,CraterNet,MA,2697,20.714563,-156.2394,NA,NA,NA,NA,NA
337.11,Pohaku Palaha,CraterNet,CraterNet,MA,2461,20.7300298,-156.140176,NA,NA,NA,NA,NA
337.12,Puu Alaea,CraterNet,CraterNet,MA,2282,20.73782363,-156.1453106,NA,NA,NA,NA,NA
337.13,Paliku,CraterNet,CraterNet,MA,1927,20.71236611,-156.1437572,NA,NA,NA,NA,NA
337.2,Puu o Pele,CraterNet,CraterNet,MA,2424,20.709651,-156.224485,NA,NA,NA,NA,NA
337.3,Lava lake,CraterNet,CraterNet,MA,2270,20.718443,-156.212261,NA,NA,NA,NA,NA
337.4,Silversword loop,CraterNet,CraterNet,MA,2186,20.731704,-156.205387,NA,NA,NA,NA,NA
337.5,Leleiwi,CraterNet,CraterNet,MA,2722,20.74337371,-156.2288651,NA,NA,NA,NA,NA
337.6,Puu Nole,CraterNet,CraterNet,MA,2261,20.717807,-156.188007,NA,NA,NA,NA,NA
337.7,Hanakauhi,CraterNet,CraterNet,MA,2645,20.73567887,-156.1754875,NA,NA,NA,NA,NA
337.8,Aloha Park,CraterNet,CraterNet,MA,2455,20.73555054,-156.1587809,NA,NA,NA,NA,NA
337.9,Laie,CraterNet,CraterNet,MA,2051,20.7229056,-156.1544823,NA,NA,NA,NA,NA
338,HALEAKALA RANGER STATION 338,COOP,COOP,MA,2143,20.75846738,-156.2455233,USC00511004,NA,NA,NA,NA
338.4,HALEAKALA SUMMIT 338,STATE,COOP,MA,3037,20.71667,-156.26667,USC00511008,NA,NA,NA,NA
339.4,PARK HQ HN-151,HaleNet,HaleNet,MA,2120,20.75980556,-156.2481667,NA,NA,NA,NA,NA
339.5,NENE NEST HN-152,HaleNet,HaleNet,MA,2590,20.73819444,-156.2458333,NA,NA,NA,NA,NA
339.6,SUMMIT HN-153,HaleNet,HaleNet,MA,2990,20.71036111,-156.25675,NA,NA,NA,NA,NA
348.5,WestWailuaikiRainGagenrKeanae,USGS,USGS,MA,472.44,20.81436111,-156.1429722,NA,WWKH1,DD5E710A,NA,NA
350,PAAKEA 350,COOP,COOP,MA,390,20.81179461,-156.1171956,USC00517194,NA,NA,NA,NA
353,Hana AP,NWS,HydroNet-UaNet,MA,19,20.7946,-156.0157,USC00511125,HNAH1,B150314C,NA,NA
355,HANA AIRPORT 355,HAWAIIAN AIRLINES,COOP,MA,24,20.792,-156.017,USC00511125,NA,NA,NA,NA
355.2,HONOMAELE 355.2,COOP,COOP,MA,104,20.7939,-156.0414,USC00511921,NA,NA,NA,NA
361,LAHAINA 361,COOP,COOP,MA,78,20.87679494,-156.6738405,USC00515177,NA,NA,NA,NA
361.1,Lahainaluna,NWS,HydroNet-UaNet,MA,238.0488,20.8909,-156.6556,NA,LAHH1,NA,NA,NA
364,WAHIKULI 364,COOP,COOP,MA,177,20.89679257,-156.6621736,USC00518955,NA,NA,NA,NA
372,LAUNIUPOKO VILLG 372,COOP,COOP,MA,76,20.85179493,-156.6455071,USC00515408,NA,NA,NA,NA
380,PuuKukuiRainGageatalt,USGS,USGS,MA,1759,20.89083333,-156.6008333,USC00514887,PKKH1,DD73556E,NA,NA
386,WAILUKU 386,COOP,COOP,MA,55,20.89345755,-156.4971783,USC00519484,NA,NA,NA,NA
386.6,Wailuku,NWS,HydroNet-UaNet,MA,146.9136,20.8831005,-156.5124,NA,WUKH1,9321D776,NA,NA
390,WAIKAPU 390,COOP,COOP,MA,130,20.8491,-156.5092,USC00519376,NA,NA,NA,NA
390.4,Waikapu Country Club,NWS,HydroNet-UaNet,MA,145.9992,20.8346996,-156.513499999999,NA,WCCH1,9.32E+19,NA,NA
390.5,F747,HC&S,HC&S,MA,125,20.84763533,-156.505028,NA,NA,NA,NA,NA
391.2,F717,HC&S,HC&S,MA,53,20.85476999,-156.4578408,NA,NA,NA,NA,NA
393.2,F719,HC&S,HC&S,MA,76,20.84959149,-156.4820377,NA,NA,NA,NA,NA
394.2,F902,HC&S,HC&S,MA,55,20.83706303,-156.4693951,NA,NA,NA,NA,NA
396,PUUNENE 396,COOP,COOP,MA,18,20.8717927,-156.4538466,USC00518543,NA,NA,NA,NA
396.2,F711,HC&S,HC&S,MA,44,20.86912591,-156.4511897,NA,NA,NA,NA,NA
396.3,F713,HC&S,HC&S,MA,48,20.8699525,-156.4540587,NA,NA,NA,NA,NA
397.4,F702,HC&S,HC&S,MA,91,20.85716186,-156.4314098,NA,NA,NA,NA,NA
397.5,F710,HC&S,HC&S,MA,150,20.87780745,-156.4441986,NA,NA,NA,NA,NA
398,KAHULUI AIRPORT,NWS,NWS,MA,12,20.8887,-156.41,USW00022516,HOG,NA,NA,NA
400,SPRECKELSVILLE 400,COOP,COOP,MA,20,20.897526,-156.41427,USC00518688,NA,NA,NA,NA
400.3,F607,HC&S,HC&S,MA,49,20.89402698,-156.4104194,NA,NA,NA,NA,NA
401.2,F809,HC&S,HC&S,MA,107,20.83524019,-156.4319358,NA,NA,NA,NA,NA
401.3,F806,HC&S,HC&S,MA,469,20.83874483,-156.4124556,NA,NA,NA,NA,NA
402.1,F510,HC&S,HC&S,MA,124,20.85981111,-156.4020622,NA,NA,NA,NA,NA
403.2,F611,HC&S,HC&S,MA,54,20.89534923,-156.3963662,NA,NA,NA,NA,NA
404.6,F508,HC&S,HC&S,MA,120,20.87524327,-156.3882089,NA,NA,NA,NA,NA
404.7,F603,HC&S,HC&S,MA,82,20.87685627,-156.4060842,NA,NA,NA,NA,NA
405.1,F212,HC&S,HC&S,MA,84,20.89634184,-156.3791104,NA,NA,NA,NA,NA
406,PAIA 406,COOP,COOP,MA,50,20.9051221,-156.3738494,USC00517566,NA,NA,NA,NA
406.3,F208,HC&S,HC&S,MA,71,20.90699057,-156.3741158,NA,NA,NA,NA,NA
407.1,F209,HC&S,HC&S,MA,153,20.87564139,-156.3759149,NA,NA,NA,NA,NA
410,KEAHUA 410,COOP,COOP,MA,120,20.85846016,-156.3805162,USC00513910,NA,NA,NA,NA
411.1,F311,HC&S,HC&S,MA,181,20.84564409,-156.3868064,NA,NA,NA,NA,NA
413.2,F205,HC&S,HC&S,MA,137,20.89217282,-156.3640467,NA,NA,NA,NA,NA
415.1,F306,HC&S,HC&S,MA,221,20.86600756,-156.3679354,NA,NA,NA,NA,NA
416.1,F102,HC&S,HC&S,MA,176,20.90032024,-156.3489987,NA,NA,NA,NA,NA
417.1,F201,HC&S,HC&S,MA,276,20.87584239,-156.3509271,NA,NA,NA,NA,NA
419.1,F301,HC&S,HC&S,MA,354,20.84919845,-156.3507995,NA,NA,NA,NA,NA
420.1,F307,HC&S,HC&S,MA,345,20.83446023,-156.3556341,NA,NA,NA,NA,NA
421.4,F116,HC&S,HC&S,MA,287,20.89378893,-156.3338403,NA,NA,NA,NA,NA
423,HALIIMAILE 423,COOP,COOP,MA,326,20.86679262,-156.3405177,USC00511075,NA,NA,NA,NA
424.2,F300,HC&S,HC&S,MA,336,20.85869098,-156.3485662,NA,NA,NA,NA,NA
426.6,Pukalani,NWS,HydroNet-UaNet,MA,495.9096,20.8355007,-156.3307,NA,PUKH1,15D2B52E,NA,NA
432,HALEAKALA RANCH 432,COOP,COOP,MA,564,20.83346191,-156.3138527,USC00510999,NA,NA,NA,NA
446,KAILUA 446,COOP,COOP,MA,213,20.89012208,-156.2121892,USC00512679,NA,NA,NA,NA
457.1,PUUKOLII 457.1,COOP,COOP,MA,128,20.93194,-156.67611,USC00518407,NA,NA,NA,NA
462.4,KAPALUA W.MAUI AIRPORT 462.4,NWS,NWS,MA,73,20.9625,-156.6753,USC00513317,NA,NA,NA,NA
465.1,Mahinahina,NWS,HydroNet-UaNet,MA,223.1136,20.9552002,-156.6562,NA,MABH1,NA,NA,NA
466,MAHINAHINA 466,COOP,COOP,MA,257,20.94678808,-156.6555055,USC00515715,NA,NA,NA,NA
474,FIELD 46 474,COOP,COOP,MA,319,20.9951177,-156.6391163,USC00510541,NA,NA,NA,NA
482,WAIHEE VALLEY 482,COOP,COOP,MA,91,20.94012106,-156.5255102,USC00519315,NA,NA,NA,NA
482.4,KAHAKULOA MAUKA 482,COOP,COOP,MA,334,20.9539,-156.5342,USC00512450,NA,NA,NA,NA
482.5,Kahakuloa,NWS,HydroNet-UaNet,MA,335.28,20.9540997,-156.5342,NA,KHKH1,781001B6,NA,NA
484,WAIEHU CAMP 484,COOP,COOP,MA,98,20.91623388,-156.5088444,USC00519275,NA,NA,NA,NA
485,HAMAKUAPOKO 485,COOP,COOP,MA,98,20.91345401,-156.3455169,USC00511086,NA,NA,NA,NA
485.5,F105,HC&S,HC&S,MA,54,20.92051345,-156.3613979,NA,NA,NA,NA,NA
485.6,F119,HC&S,HC&S,MA,320,20.88820671,-156.329644,NA,NA,NA,NA,NA
486.6,F109,HC&S,HC&S,MA,108,20.92346429,-156.3401955,NA,NA,NA,NA,NA
486.7,HAIKU 3.2 SE,CoCoRaHS,CoCoRaHS,MA,416,20.92011989,-156.3071849,US1HIMI0001,NA,NA,NA,NA
489,Haiku,NWS,HydroNet-UaNet,MA,99.3648,20.9288998,-156.322499999999,USC00510822,AIKH1,50A30568,NA,NA
490.7,KUIAHA 490.7,COOP,COOP,MA,341,20.89306,-156.30306,USC00514806,NA,NA,NA,NA
492.2,HALEHAKU 492.2,COOP,COOP,MA,210,20.91,-156.282,USC00511016,NA,NA,NA,NA
493,HONOKOHUA 493,COOP,COOP,MA,38,21.00011804,-156.655505,USC00511887,NA,NA,NA,NA
494,HONOLUA FIELD 49 494,COOP,COOP,MA,61,21.010978,-156.633839,USC00511914,NA,NA,NA,NA
497,NAKALELE FIELD 60 497,COOP,COOP,MA,104,21.02511528,-156.6005068,USC00516645,NA,NA,NA,NA
499.11,LUA MAKIKA,RAWS,RAWS,KO,335.28,20.5625,-156.56305556,USR0000HLUA,HLUA,NA,NA,NA
499.12,KEALIALALO,S&PF,RAWS,KO,251.46,20.54361111,-156.64083333,USR0000HKLL,KLLH1,32792006,NA,NA
499.13,HAKIOAWA,S&PF,RAWS,KO,365.76,20.58027778,-156.57111111,USR0000HHAI,HKIH1,3279159C,NA,NA
499.6,KAHOOLAWE 499.6,COOP,COOP,KO,366,20.55694,-156.575,USC00512558,KRTH1,15DEF7B8,NA,NA
499.8,HONOKANAI'A,S&PF,RAWS,KO,21.336,20.50888889,-156.68166667,USR0000HHON,HKAH1,3.28E+05,NA,NA
499.9,KANELOA,S&PF,RAWS,KO,248.412,20.52222222,-156.56583333,USR0000HKAN,KAOH1,32793370,NA,NA
511,MAUNALOA 511,COOP,COOP,MO,314,21.13348648,-157.2121842,USC00516190,NA,NA,NA,NA
524,MOLOKAI KAUNAKAKAI MOLOKAI AIRPORT,NWS,NWS,MO,141,21.15514996,-157.0924625,USW00022534,HMK,NA,NA,NA
533.1,F308,HC&S,HC&S,MO,169,21.13709456,-157.0257959,NA,NA,NA,NA,NA
536,KAUNAKAKAI 536,COOP,COOP,MO,3,21.08876308,-157.0216311,USC00513541,NA,NA,NA,NA
536.5,Kaunakakai Mauka,NWS,HydroNet-UaNet,MO,28.3464,21.0946007,-157.0174,NA,KACH1,50A0F2E2,NA,NA
536.6,KAUNAKAKAI 3.5 ESE,CoCoRaHS,CoCoRaHS,MO,13,21.068,-156.963,US1HIMI0002,NA,NA,NA,NA
538,MOLOKAI 1,S&PF,RAWS,MO,833.0184,21.115,-156.9475,USR0000HMLK,MLKH1,487016AC,NA,NA
539,WAIKOLU VALLEY,S&PF,RAWS,MO,152.4,21.14194444,-156.92222222,USR0000HWAI,HWAI,NA,NA,NA
540.1,WaikoluRaingageatalt900ft,USGS,USGS,MO,274.32,21.14210278,-156.9188861,NA,NA,NA,NA,NA
541.2,Puu ALII WEST,RAWS,RAWS,MO,1159.764,21.14083333,-156.9022222,NA,PAFH1,32D6062E,NA,NA
542.1,PUU O HOKU RANCH 542.1,COOP,COOP,MO,205,21.1447,-156.7329,USC00518549,NA,NA,NA,NA
542.11,Kamalo,NWS,HydroNet-UaNet,MO,8.8392,21.052,-156.871,USC00513045,KMLH1,NA,NA,NA
542.9,HALAWA VALLEY 542.9,COOP,COOP,MO,8,21.15679405,-156.737461,USC00510961,NA,NA,NA,NA
550.2,KEPUHI SHERATON 550.2,COOP,COOP,MO,33,21.19265034,-157.2430152,USC00514400,NA,NA,NA,NA
550.3,MAUNALOA 3.2 NNW,CoCoRaHS,CoCoRaHS,MO,93,21.1804,-157.2319,US1HIMI0006,NA,NA,NA,NA
551.5,KakaakoRainGagenearMaunaLoa,USGS,USGS,MO,115.824,21.17447222,-157.2056667,NA,NA,NA,NA,NA
553,MAKAPULAPAI,NPS,RAWS,MO,22.86,21.20333333,-156.96611111,USR0000HMAK,MKPH1,FA9024CE,NA,NA
563,KALAUPAPA 563,COOP,COOP,MO,9,21.19014673,-156.9824624,USC00512896,NA,NA,NA,NA
656,LANAI AIRPORT 656,NWS,NWS,LA,396.2,20.7882389,-156.946639,USC00515275,NA,NA,NA,NA
658,KAUMALAPAU HARBOR 658,COOP,COOP,LA,9,20.78683305,-156.9905286,USC00513461,NA,NA,NA,NA
672.1,Lanai City,NWS,HydroNet-UaNet,LA,498.0432,20.8262997,-156.9182,USC00515286,LANH1,NA,NA,NA
676,MALAUEA 676,COOP,COOP,LA,346,20.76184095,-156.904414,USC00516012,NA,NA,NA,NA
679,LANAI 1,RAWS,RAWS,LA,387.096,20.87333333,-157.00638889,USR0000HLAN,LNIH1,48702336,NA,NA
702.2,HONOLULU OBSERV 702.2,COOP,COOP,OA,2,21.313926,-157.999529,USC00511918,NA,NA,NA,NA
702.5,CAMPBELL IND PK 702.5,COOP,COOP,OA,3,21.30572953,-158.1078106,USC00510248,NA,NA,NA,NA
702.7,Kapolei-Kalaeloa AP,NWS,NWS,OA,15,21.31667,-158.06667,USW00022551,HJR,NA,NA,NA
702.8,PTWC,Hydronet,HydroNet-UaNet,OA,1.524,21.3150005,-157.9992,NA,PTWH1,NA,NA,NA
703,HONOLULU INTERNATIONAL AIRPORT,NWS,NWS,OA,2.1,21.324,-157.9294,USW00022521,NA,NA,NA,NA
703.1,"HONOLULU FIRE STATION 703.1, HI US",COOP,COOP,OA,1,21.3287,-157.9298,USC00511925,NA,NA,NA,NA
705,BERETANIA PUMP STN 705,COOP,COOP,OA,6,21.305169,-157.8522571,USC00510211,NA,NA,NA,NA
705.12,Aloha Tower,NWS,HydroNet-UaNet,OA,38.1,21.3034,-157.862699999999,NA,ALOH1,NA,NA,NA
706.5,Niuhelewai HCC JD,J_Delay,PrivateObs,OA,2,21.32180556,-157.8694722,NA,NA,NA,NA,NA
707.2,EWA KALAELOA AIRPORT,State,STATE,OA,14,21.30489073,-157.8305905,USW00022551,NA,NA,NA,NA
707.5,HONOLULU 2.0 SW,CoCoRaHS,CoCoRaHS,OA,12,21.3004,-157.8293,US1HIHN0023,NA,NA,NA,NA
709,PUNCHBOWL CRATER 709,COOP,COOP,OA,108,21.31016855,-157.846146,USC00518316,NA,NA,NA,NA
711.6,"ManoaRGatKanewaiFld,Honolulu",USGS,USGS,OA,11.5824,21.29322222,-157.8127222,NA,NA,NA,NA,NA
711.7,H-1RainGageatKapiolaniAve,USGS,USGS,OA,6.096,21.28944444,-157.8155556,NA,NA,NA,NA,NA
712.1,MANOA 712.1,COOP,COOP,OA,61,21.31044568,-157.8147571,USC00516122,NA,NA,NA,NA
713,UNIV OF HAWAII 713,COOP,COOP,OA,24,21.29933514,-157.8167017,USC00518815,NA,NA,NA,NA
715,WAIALAE KAHALA,COOP,COOP,OA,15,21.27433592,-157.7880917,USC00519185,NA,NA,NA,NA
716,MANOA TUN 2 716,COOP,COOP,OA,198,21.32794416,-157.7914236,USC00516130,NA,NA,NA,NA
717.2,WAIKIKI 717.2,COOP,COOP,OA,3,21.27183682,-157.8180917,USC00519397,NA,NA,NA,NA
718,PALOLO VALLEY 718,COOP,COOP,OA,302,21.32183297,-157.7717015,USC00517664,NA,NA,NA,NA
720.6,HONOLULU 2.7 SSE,CoCoRaHS,CoCoRaHS,OA,113,21.285,-157.7816,US1HIHN0010,NA,NA,NA,NA
721,WILHELMINA RISE 721,COOP,COOP,OA,335,21.29766804,-157.7853133,USC00519980,NA,NA,NA,NA
721.4,Palolo Fire Stn,NWS,HydroNet-UaNet,OA,59.436,21.2996006,-157.7944,USC00517662,PFSH1,19014414,NA,NA
723.4,PAIKO DRIVE 723.4,COOP,COOP,OA,3,21.28172556,-157.7282194,USC00517540,NA,NA,NA,NA
723.8,Niu Valley,NWS,HydroNet-UaNet,OA,19.812,21.2896996,-157.7332,USC00516865,NIUH1,1900D38C,NA,NA
724.19,HAWAII KAI GC 724.19,COOP,COOP,OA,9,21.29889,-157.66444,USC00511308,NA,NA,NA,NA
724.21,Kamehame,NWS,HydroNet-UaNet,OA,242.316,21.3085995,-157.6791,NA,KMHH1,190046EE,NA,NA
724.22,Hawaii Kai Golf Course,NWS,HydroNet-UaNet,OA,8.8392,21.2991009,-157.6644,NA,HAJH1,NA,NA,NA
725.6,PUU MANAWAHUA 725.6,COOP,COOP,OA,510,21.39545453,-158.0944761,USC00518500,NA,NA,NA,NA
726.1,PARADISE COVE 726.1,COOP,COOP,OA,2,21.34,-158.11,USC00517781,NA,NA,NA,NA
728.2,PALEHUA,S&PF,RAWS,OA,722.376,21.385,-158.10416667,NA,PLHH1,4870F55E,NA,NA
731.1,PALEHUA CORRAL 731.1,COOP,COOP,OA,348,21.37028,-158.09333,USC00517654,NA,NA,NA,NA
731.2,MAKAKILO CITY 0.6 NW,CoCoRaHS,CoCoRaHS,OA,292,21.3645,-158.0947,US1HIHN0020,NA,NA,NA,NA
740.5,Kunia,NWS,HydroNet-UaNet,OA,85.0392,21.3869991,-158.035799999999,NA,KUNH1,NA,NA,NA
741,EWA PLANTATION 741,COOP,COOP,OA,12,21.3401713,-158.0339215,USC00510507,NA,NA,NA,NA
742.4,HONOULIULI PHB,FWS,RAWS,OA,1.524,21.35666667,-158.02055556,NA,HOFH1,327BF39A,NA,NA
750,WAIPAHU 750,COOP,COOP,OA,18,21.38683459,-158.0072536,USC00519738,NA,NA,NA,NA
752.6,WAIAWA PHB,FWS,RAWS,OA,1.524,21.38694444,-157.98111111,NA,WWFH1,3274C092,NA,NA
756.2,PEARL CITY,COOP,COOP,OA,12,21.3934,-157.9751,USC00517948,NA,NA,NA,NA
764.6,AIEA HEIGHTS 764.6,COOP,COOP,OA,238,21.39488776,-157.91031,USC00510123,NA,NA,NA,NA
764.7,AIEA 0.7 ENE,CoCoRaHS,CoCoRaHS,OA,175,21.393,-157.9186,US1HIHN0014,NA,NA,NA,NA
770,MOANALUA 770,COOP,COOP,OA,6,21.34794527,-157.8950332,USC00516395,NA,NA,NA,NA
771.11,N.HalawaValleyRGattunnel,USGS,USGS,OA,335.28,21.40488889,-157.8504444,NA,TNLH1,DD75A524,NA,NA
771.9,NHalawaRainGagenrHonolulu,USGS,USGS,OA,210.312,21.382,-157.9033333,NA,NA,NA,NA,NA
772,MoanaluaRaingagenrHonolulu,USGS,USGS,OA,103.058976,21.37823611,-157.8700306,NA,NA,NA,NA,NA
772.1,N.HalawaRaingagenrAiea,USGS,USGS,OA,97.536,21.39295833,-157.8908639,NA,NA,NA,NA,NA
772.3,MoanaluaRGNo.1atalt1000,USGS,USGS,OA,304.8,21.39338889,-157.8401111,NA,MOGH1,1689664A,NA,NA
772.5,Moanalua Stream,NWS,HydroNet-UaNet,OA,72.2376,21.3736,-157.8801,USC00516400,MOAH1,1900B66A,NA,NA
772.6,MoanaluaRaingagenrKaneohe,USGS,USGS,OA,350.52,21.38823333,-157.8486389,NA,NA,NA,NA,NA
773,KAPALAMA 773,COOP,COOP,OA,188,21.33933391,-157.8567005,USC00513268,NA,NA,NA,NA
773.3,KaliRaingage,USGS,USGS,OA,21.336,21.33823889,-157.8739194,NA,NA,NA,NA,NA
773.8,HONOLULU 3.9 WNW,CoCoRaHS,CoCoRaHS,OA,106,21.3372,-157.8614,US1HIHN0013,NA,NA,NA,NA
775,NUUANU RES 5 775,COOP,COOP,OA,125,21.339125,-157.835905,USC00516933,NA,NA,NA,NA
777,KALIHI RES SITE 777,COOP,COOP,OA,277,21.37516437,-157.8222555,USC00512960,NA,NA,NA,NA
777.3,Wilson Tunnel,NWS,HydroNet-UaNet,OA,314.5536,21.3771,-157.816599999999,NA,WITH1,NA,NA,NA
780.5,TANTALUS 2 780.5,COOP,COOP,OA,404,21.32711168,-157.8239234,USC00518738,NA,NA,NA,NA
781,KANEOHE MAUKA 781,COOP,COOP,OA,61,21.40849568,-157.8105878,USC00513113,NA,NA,NA,NA
781.11,LulukuRaingageatalt,USGS,USGS,OA,67.056,21.39184444,-157.809475,NA,NA,NA,NA,NA
781.12,Luluku,NWS,HydroNet-UaNet,OA,84.1248,21.3875008,-157.8099,NA,LULH1,NA,NA,NA
781.13,"KANEOHE 0.8 SW, HI US",CoCoRaHs,CoCoRaHs,OA,20,21.4039,-157.8017,US1HIHN0027,NA,NA,NA,NA
781.7,LULUKU 781.7,COOP,COOP,OA,84,21.3873,-157.8098,USC00515655,NA,NA,NA,NA
781.9,RBKamooaliiRaingagenrKaneohe,USGS,USGS,OA,59.484768,21.38628889,-157.7928083,NA,NA,NA,NA,NA
782.3,Nuuanu Upper,NWS,HydroNet-UaNet,OA,248.412,21.3502007,-157.8184,USC00516938,NUUH1,156097FE,NA,NA
783,NUUANU RES 4 783,COOP,COOP,OA,320,21.35266525,-157.807534,USC00516928,NA,NA,NA,NA
784,PAUOA FLATS 784,COOP,COOP,OA,549,21.33516641,-157.8105899,USC00517810,NA,NA,NA,NA
785.4,Manoa Lyon Arbo,NWS,HydroNet-UaNet,OA,151.7904,21.3330002,-157.8024,USC00516128,MNLH1,NA,NA,NA
787.1,MAUNAWILI 787.1,COOP,COOP,OA,127,21.351,-157.7668,USC00516222,NA,NA,NA,NA
787.2,Maunawili,NWS,HydroNet-UaNet,OA,127.1016,21.3509998,-157.766799999999,NA,MAUH1,19007374,NA,NA
788,ST STEPHENS SEMINARY,COOP,COOP,OA,143,21.3666,-157.7785,USC00518601,NA,NA,NA,NA
788.1,PALI GOLF COURSE 788.1,COOP,COOP,OA,146,21.37183016,-157.7839226,USC00517656,NA,NA,NA,NA
788.2,St Stephens Seminary,NWS,HydroNet-UaNet,OA,142.9512,21.3666992,-157.7786,NA,STVH1,19005598,NA,NA
790.11,Olomana Fire Stn,NWS,HydroNet-UaNet,OA,45.1104,21.3777008,-157.750699999999,USC00517052,OFSH1,19011468,NA,NA
793.1,WAIMANALO EXPERIMENTAL FARM,CoCoRaHS,CoCoRaHS,OA,38,21.3727,-157.725,US1HIHN0022,NA,NA,NA,NA
794.3,WaimanaloRainGage,USGS,USGS,OA,5.757672,21.35073333,-157.7278111,NA,NA,NA,NA,NA
795.1,WAIMANALO EXP F 795.1,COOP,COOP,OA,18,21.33516407,-157.7105906,USC00519523,NA,NA,NA,NA
795.2,WAIMANALO NONOKLO 795.2,COOP,COOP,OA,20,21.3356,-157.7116,NA,NA,NA,NA,NA
795.3,Waimanalo Nonokio,NWS,HydroNet-UaNet,OA,20.1168,21.3356991,-157.7116,NA,WMLH1,224185AC,NA,NA
798,WAIANAE 798,COOP,COOP,OA,3,21.44683495,-158.1855845,USC00519231,NA,NA,NA,NA
799,WAIAWA PHB,DOD,RAWS,OA,453.8472,21.48,-158.10722222,NA,SCSH1,328FC12E,NA,NA
800.3,MAKAHA CTRY CLUB 800.3,COOP,COOP,OA,80,21.47833333,-158.1963889,USC00515758,NA,NA,NA,NA
801.1,Waianae Kawiwi,NWS,HydroNet-UaNet,OA,19.812,21.4566994,-158.18,NA,WAIH1,NA,NA,NA
803.2,WAIANAE VALLEY,S&PF,RAWS,OA,291.6936,21.48055556,-158.15527778,USR0000HWVA,WNVH1,487005DA,NA,NA
804,Lualualei,NWS,HydroNet-UaNet,OA,35.9664,21.4211006,-158.1352,USC00515647,LUAH1,NA,NA,NA
820.6,Mililani,NWS,HydroNet-UaNet,OA,226.7712,21.4638004,-157.9991,USC00516261,MITH1,NA,NA,NA
821.3,"SFKaukonahuaRainGage,nrWaawa",USGS,USGS,OA,262.23468,21.48880556,-157.9960556,NA,NA,NA,NA,NA
824.2,Waipio,NWS,HydroNet-UaNet,OA,124.968,21.4199009,-158.005799999999,NA,PECH1,NA,NA,NA
828,SCHOFIELD EAST,DOD,RAWS,OA,381,21.49944444,-157.99333333,USR0000HSCH,SCEH1,325AB384,NA,NA
832.2,KipapaRaingagenrWaawa,USGS,USGS,OA,210.312,21.467125,-157.9583611,NA,NA,NA,NA,NA
834.13,Waiawa CF,NWS,HydroNet-UaNet,OA,235.6104,21.4440994,-157.9669,USC00519257,WAWH1,NA,NA,NA
835.2,Palisades,NWS,HydroNet-UaNet,OA,261.8232,21.4298,-157.9452,NA,PACH1,NA,NA,NA
837,WAIAHOLE 837 ,COOP,COOP,OA,227,21.47016136,-157.8833636,USC00518964,NA,NA,NA,NA
837.11,WaiaholeRGatKamehamehaHwy,USGS,USGS,OA,4.2672,21.48197222,-157.8458333,NA,NA,NA,NA,NA
837.5,WAIHEE 837.5,COOP,COOP,OA,34,21.45167,-157.84889,USC00519281,NA,NA,NA,NA
837.6,KANEOHE 3.9 NW,CoCoRaHS,CoCoRaHS,OA,24,21.4551,-157.8294,US1HIHN0011,NA,NA,NA,NA
838.1,KANEOHE 838.1,COOP,COOP,OA,18,21.42349474,-157.803921,USC00513117,NA,NA,NA,NA
839.12,AHUIMANU LOOP 839.12,COOP,COOP,OA,73,21.432,-157.8373,USC00510055,NA,NA,NA,NA
839.15,Ahuimanu Loop ,NWS,HydroNet-UaNet,OA,74.0664,21.4319992,-157.8373,NA,AHUH1,15CE7632,NA,NA
839.3,HaikuRaingagenrHeeia,USGS,USGS,OA,134.112,21.40628611,-157.829475,NA,NA,NA,NA,NA
839.8,Waihee Pump,NWS,HydroNet-UaNet,OA,64.3128,21.4463997,-157.858399999999,USC00519286,WPPH1,195042AC,NA,NA
840,KANEOHE BAY MCAS,NWS,NWS,OA,3,21.44404851,-157.7730876,USW00022519,NA,NA,NA,NA
840.1,COCONUT ISLAND 840.1,COOP,COOP,OA,5,21.43321608,-157.7869766,USC00510350,NA,NA,NA,NA
840.2,KAILUA 3.1 N,CoCoRaHS,CoCoRaHS,OA,7,21.4472,-157.7372,US1HIHN0019,NA,NA,NA,NA
841,KAWAIHAPAI 841,COOP,COOP,OA,6,21.57100512,-158.1866869,USC00513734,NA,NA,NA,NA
841.16,CAMP ERDMAN 841.16,COOP,COOP,OA,3,21.57877964,-158.2236287,USC00510305,NA,NA,NA,NA
841.2,KUAOKALA,S&PF,RAWS,OA,267.0048,21.57027778,-158.26,NA,KKRH1,48710720,NA,NA
841.3,KAENA POINT 841.3,COOP,COOP,OA,378,21.56322317,-158.2430755,USC00512410,NA,NA,NA,NA
842.1,MakahaRainGage,USGS,USGS,OA,286.097472,21.50158333,-158.1801667,NA,MKHH1,DD1423F8,NA,NA
842.7,MAKUA VALLEY,DOD,RAWS,OA,158.496,21.52611111,-158.20416667,USR0000HMAP,MAPH1,324C075A,NA,NA
842.8,MAKUA RANGE,DOD,RAWS,OA,6.096,21.52861111,-158.22611111,USR0000HMAR,MKRH1,3266B468,NA,NA
842.9,MAKUA RIDGE,DOD,RAWS,OA,533.4,21.54277778,-158.19888889,USR0000HMRG,MKGH1,3266C2F8,NA,NA
843.7,DILLIINGHAM,DOD,RAWS,OA,31.0896,21.57194444,-158.19861111,NA,DLGH1,3278D278,NA,NA
843.8,WAIALUA 2.0,COOP,COOP,OA,2.4,21.576507,-158.159729,US1HIHN0025,NA,NA,NA,NA
844.5,MT Kahala JD,J_Delay,PrivateObs,OA,1204.01,21.50675,-158.1448611,NA,NA,NA,NA,NA
845.1,Makaha Valley 1,Mair_Fares,NREM,OA,341.26,21.50638889,-158.1766667,NA,NA,NA,NA,NA
845.2,Makaha Valley 2,Mair_Fares,NREM,OA,469.57,21.50972222,-158.1819444,NA,NA,NA,NA,NA
845.3,Makaha Valley 3,Mair_Fares,NREM,OA,598.02,21.50138889,-158.1725,NA,NA,NA,NA,NA
845.4,Makaha Valley 4A,Mair_Fares,NREM,OA,507.78,21.53194444,-158.1688889,NA,NA,NA,NA,NA
845.5,Makaha Valley 5,Mair_Fares,NREM,OA,606.92,21.51,-158.1633333,NA,NA,NA,NA,NA
845.6,Makaha Valley 6,Mair_Fares,NREM,OA,726.62,21.50611111,-158.1561111,NA,NA,NA,NA,NA
845.7,Makaha Valley MAK2,Mair_Fares,NREM,OA,296.98,21.50222222,-158.18,NA,NA,NA,NA,NA
847,WAIALUA 847,COOP,COOP,OA,10,21.5737,-158.121,USC00519195,NA,NA,NA,NA
855,KEMOO CAMP 8 855,COOP,COOP,OA,223,21.5384949,-158.0855832,USC00514318,NA,NA,NA,NA
855.3,Poamoho Exp Farm,NWS,HydroNet-UaNet,OA,220.0656,21.5382004,-158.0893,NA,POAH1,NA,NA,NA
855.4,POAMOHO EXPERIMENTAL FARM 855,COOP,COOP,OA,220.1,21.53833,-158.08917,USC00518055,NA,NA,NA,NA
857.4,SCHOFIELD FIREBREAK,DOD,RAWS,OA,346.8624,21.50861111,-158.11472222,USR0000HSFB,NA,NA,NA,NA
858,SCHOFIELD BARRACKS,DOD,RAWS,OA,298.704,21.495,-158.08194444,USR0000HSCO,SCBH1,3266A71E,NA,NA
869,KAWAILOA TRAINING AREA,DOD,RAWS,OA,388.3152,21.58722222,-158.01305556,NA,KWLH1,3278C10E,NA,NA
870,OPAEULA 870,COOP,COOP,OA,323,21.5698814,-158.0278054,USC00517150,NA,NA,NA,NA
874.3,UPPER WAHIAWA 874.3,COOP,COOP,OA,340,21.50849545,-158.0089181,USC00518838,NA,NA,NA,NA
882.4,PoamohoRainGageNo.2nrWaawa,USGS,USGS,OA,597.408,21.53341667,-157.9366944,NA,NA,NA,NA,NA
883.12,"PoamohoRainGageNo1,nrWaawa",USGS,USGS,OA,755.904,21.53386111,-157.9213889,NA,PMHH1,DD9836AA,NA,NA
884.4,PunaluuRainGageatalt,USGS,USGS,OA,73.152,21.55644444,-157.899,NA,PNSH1,17918722,NA,NA
885.6,KUALOA RANCH 885.6,COOP,COOP,OA,25,21.53,-157.85028,USC00514829,NA,NA,NA,NA
885.7,OAHU FOREST NWR,FWS,RAWS,OA,698.9,21.47747,-157.9369,NA,OFRH1,8379F6FA,NA,NA
886.11,"KUALOA RANCH HAKIPUU 886.11, HI US",COOP,COOP,OA,74.04,21.51083,-157.86222,USC00514828,NA,NA,NA,NA
886.4,KahanaRainGageatalt,USGS,USGS,OA,28.956,21.54041667,-157.8825556,NA,KNRH1,17B972EE,NA,NA
886.6,WaikaneRaingageatalt,USGS,USGS,OA,22.86,21.49684167,-157.86225,NA,NA,NA,NA,NA
886.8,Hakipuu Mauka,NWS,HydroNet-UaNet,OA,8.5344,21.5067005,-157.8547,USC00510920,PTRH1,16C69380,NA,NA
886.9,KUALOA RANCH HEADQUATERTERS 886.9,COOP,COOP,OA,7,21.5213,-157.8374,USC00514830,NA,NA,NA,NA
892.2,WAIMEA ARBORETUM 892.2,COOP,COOP,OA,8,21.638859,-158.058759,USC00519603,NA,NA,NA,NA
897.1,KamananuiRaingagenrMaunawai,USGS,USGS,OA,179.832,21.62044167,-158.015025,NA,NA,NA,NA,NA
897.11,KamananuiRainGageatalt,USGS,USGS,OA,219.456,21.62238889,-158.0143056,NA,KMRH1,DD34C1E4,NA,NA
897.9,PupukeaRdRainGageatalt,USGS,USGS,OA,353.568,21.59902778,-158.0169167,NA,PPRH1,1713D512,NA,NA
901.2,KII KAHUKU 911,NWS,COOP,OA,7.6,21.6793,-157.945,USC00514500,NA,NA,NA,NA
903.1,B Y U LAIE 903.1,COOP,COOP,OA,2,21.64515375,-157.9291927,USC00510242,NA,NA,NA,NA
903.2,LAIE 0.2 WNW,CoCoRaHS,CoCoRaHS,OA,2,21.65,-157.9287,US1HIHN0002,NA,NA,NA,NA
904.1,KAPAKA FARM 904.1,COOP,COOP,OA,1,21.60987636,-157.9100271,USC00513208,NA,NA,NA,NA
905.2,PUNALULU PUMP 905.2,COOP,COOP,OA,4,21.5843,-157.8915,USC00518314,NA,NA,NA,NA
905.22,Punaluu Pump,NWS,HydroNet-UaNet,OA,3.9624,21.5842991,-157.8916,NA,PUNH1,19051152,NA,NA
909,KAHUKU TRAINING AREA,DOD,RAWS,OA,181.6608,21.67916667,-157.98944444,USR0000HKAH,KTAH1,325A861E,NA,NA
911.1,KII,FWS,RAWS,OA,1.524,21.68833333,-157.9525,USR0000HKII,KFWH1,8375210E,NA,NA
916,Honouliuli,FORTINI_MUDD,USGS,OA,870,21.41435556,-158.0979028,NA,NA,NA,NA,NA
927,ELEELE 927,COOP,COOP,KA,50,21.90353436,-159.5772088,USC00510470,NA,NA,NA,NA
930,WAHIAWA 930,COOP,COOP,KA,66,21.89631087,-159.5572079,USC00518941,NA,NA,NA,NA
931,WEST LAWAI 931,COOP,COOP,KA,64,21.89019743,-159.5172067,USC00519955,NA,NA,NA,NA
934,EAST LAWAI 934,COOP,COOP,KA,134,21.90519794,-159.4938722,USC00510456,NA,NA,NA,NA
934.1,LAWAI 1.8 S,COOP,COOP,KA,14.9,21.8989,-159.5026,US1HIKI0027,NA,NA,NA,NA
935,KUKUIULA 935,COOP,COOP,KA,32,21.890544,-159.489633,USC00514950,NA,NA,NA,NA
936,KOLOA 936,COOP,COOP,KA,73,21.90686471,-159.4622057,USC00514742,NA,NA,NA,NA
940.2,KOLOA 2.1 SSE,CoCoRaHS,CoCoRaHS,KA,12,21.8788,-159.4518,US1HIKI0020,NA,NA,NA,NA
941.1,MAHAULEPU 941.1,COOP,COOP,KA,24,21.90102957,-159.422207,USC00515710,NA,NA,NA,NA
943,WAIAWA 943,COOP,COOP,KA,3,21.97186761,-159.7205458,USC00519253,NA,NA,NA,NA
944,KEKAHA 944,COOP,COOP,KA,3,21.96686688,-159.7088793,USC00514272,NA,NA,NA,NA
945,HUKIPO 945,COOP,COOP,KA,244,21.98158848,-159.6822116,USC00512161,NA,NA,NA,NA
946,WAIMEA HTS,S&PF,RAWS,KA,159.7152,21.96638889,-159.66388889,NA,WHGH1,487090B8,NA,NA
947,WAIMEA 947,COOP,COOP,KA,6,21.95631113,-159.6722122,USC00519629,NA,NA,NA,NA
965,MAKAWELI 965,COOP,COOP,KA,43,21.91909048,-159.6272113,USC00515864,NA,NA,NA,NA
966.4,Hanapepe,NWS,HydroNet-UaNet,KA,110.6424,21.9365005,-159.5866,NA,HNPH1,156011EA,NA,NA
983,ALEXANDER RESV 983,COOP,COOP,KA,491,21.95658562,-159.5255365,USC00510140,NA,NA,NA,NA
985,BRYDESWOOD STA 985,COOP,COOP,KA,220,21.92519845,-159.5338717,USC00510240,NA,NA,NA,NA
986.2,Kalaheo,NWS,HydroNet-UaNet,KA,263.0424,21.9183006,-159.5265,NA,KHEH1,NA,NA,NA
986.3,KALAHEO 1.1 SSE,CoCoRaHS,CoCoRaHS,KA,160,21.9075,-159.5181,US1HIKI0018,NA,NA,NA,NA
986.4,KALAHEO 1.3 SE,CoCoRaHS,CoCoRaHS,KA,132,21.9055,-159.515,US1HIKI0014,NA,NA,NA,NA
992.1,Omao,NWS,HydroNet-UaNet,KA,99.9744,21.9071007,-159.4768,USC00517116,OMAH1,195001A6,NA,NA
994,KOLOA MAUKA 994,COOP,COOP,KA,195,21.94833,-159.46694,USC00514750,NA,NA,NA,NA
1006,HALENANAHO 1006,COOP,COOP,KA,149,21.96491938,-159.4305374,USC00511038,NA,NA,NA,NA
1013,PUHI 1013,COOP,COOP,KA,101,21.96491954,-159.3972052,USC00518217,NA,NA,NA,NA
1020,LIHUE 1020,COOP,COOP,KA,63,21.97186009,-159.3688726,USC00515575,NA,NA,NA,NA
1020.1,LIHUE WEATHER SERVICE OFFICE AIRPORT 1020.1,NWS,NWS,KA,45,21.98156999,-159.3422063,USW00022536,HLI,NA,NA,NA
1020.6,LIHUE 1.3 NE,CoCoRaHS,CoCoRaHS,KA,25,21.987,-159.338,US1HIKI0009,NA,NA,NA,NA
1022.1,LIHUE 1.2 NNW,CoCoRaHS,CoCoRaHS,KA,60,21.9923,-159.3586,US1HIKI0002,NA,NA,NA,NA
1023,BARKING SANDS,NWS,NWS,KA,8,22.03333,-159.78333,USW00022501,NA,NA,NA,NA
1026,MANA 1026,COOP,COOP,KA,3,22.02742459,-159.761099,USC00516082,NA,NA,NA,NA
1029,MANA,S&PF,RAWS,KA,26.2128,22.02944444,-159.76222222,NA,MNRH1,4870603C,NA,NA
1033,KOLO 1033,COOP,COOP,KA,11,22.06686523,-159.7605418,USC00514735,NA,NA,NA,NA
1035,NIU RIDGE 1035,COOP,COOP,KA,381,22.03020119,-159.7355433,USC00516850,NA,NA,NA,NA
1036,PUU OPAE,S&PF,RAWS,KA,652.8816,22.04083333,-159.69583333,NA,POPH1,4870734A,NA,NA
1040,PUEHU RIDGE 1040,COOP,COOP,KA,506,22.01547687,-159.6922106,USC00518205,NA,NA,NA,NA
1042,WaialaeRainGagenrWaimea,USGS,USGS,KA,1219.2,22.087,-159.5664167,NA,WLGH1,DDF7C28E,NA,NA
1045,WaialealeTrailRaingagenrLihue,USGS,USGS,KA,1389.888,22.07605556,-159.5361111,NA,NA,NA,NA,NA
1047,Mt.WaialealeRainGagenrLihue,USGS,USGS,KA,1569.72,22.07088889,-159.4979722,USC00516565,WLLH1,DD5E818E,NA,NA
1051,NWailuaDitchRainGagenrLihue,USGS,USGS,KA,338.328,22.0625,-159.4677222,USC00516888,WLDH1,1732B3E0,NA,NA
1059,Lihue Variety Stn,NWS,HydroNet-UaNet,KA,117.0432,22.0240002,-159.386799999999,NA,LIHH1,1561501A,NA,NA
1060,Wailua UH Exp Stn,NWS,HydroNet-UaNet,KA,158.1912,22.0660992,-159.395999999999,USC00519475,WUHH1,NA,NA,NA
1061,Ekw 5,LIHUE PLANTATION,STATE,KA,145,22.05682632,-159.4005358,NA,NA,NA,NA,NA
1061.5,Wailua UH Exp Stn,NWS,HydroNet-UaNet,KA,158,22.066,-159.3962,NA,WUHH1,15C163D6,NA,NA
1062.1,LIHUE VRTY STA 1062.1,COOP,COOP,KA,117,22.0239,-159.387,USC00515560,NA,NA,NA,NA
1063.2,"KAPAA 2.7 SSW, HI US",CoCoRaHs,CoCoRaHs,KA,90.04,22.0593,-159.365,US1HIKI0023,NA,NA,NA,NA
1065,WAILUA KAI 1065,COOP,COOP,KA,21,22.036817,-159.3405379,USC00519467,NA,NA,NA,NA
1065.1,"KAPAA 2.3 SW, HI US",CoCoRaHs,CoCoRaHs,KA,105.74,22.0722,-159.3766,US1HIKI0025,NA,NA,NA,NA
1065.2,"KAPAA 2.3 SW, HI US",CoCoRaHs,CoCoRaHs,KA,105.03,22.0721,-159.3767,US1HIKI0026,NA,NA,NA,NA
1068,LBOpaekaaRainGagenrKapaa,USGS,USGS,KA,143.256,22.07561111,-159.3958889,NA,NA,NA,NA,NA
1069,PUU LUA,S&PF,RAWS,KA,1021.08,22.08916667,-159.67916667,NA,PLRH1,487083CE,NA,NA
1074,MAKAHA RIDGE,S&PF,RAWS,KA,544.9824,22.13055556,-159.7152778,USR0000HMAH,MKAH1,3286026C,NA,NA
1075,KANALOHULUHULU 1075,COOP,COOP,KA,1097,22.12972,-159.65861,USC00513099,NA,NA,NA,NA
1076,Kokee,NWS,HydroNet-UaNet,KA,1279.2456,22.1485996,-159.6448,NA,KOKH1,1900E616,NA,NA
1080,PaukahanaRaingagenrWaimea,USGS,USGS,KA,1127.76,22.13492222,-159.6260833,USC00517790,NA,NA,NA,NA
1082,WaiakoaliRainGagenrWaimea,USGS,USGS,KA,1042.416,22.1245,-159.6220833,519130,WKRH1,17B79574,NA,NA
1083,MoCrsgRainGagenrWaimea,USGS,USGS,KA,1042.416,22.11708333,-159.6009722,USC00516433,MCRH1,D109224A,NA,NA
1084,KilohanaRainGafenrHanalei,USGS,USGS,KA,1219.2,22.15408333,-159.5946111,USC00514610,KLOH1,DDCC972A,NA,NA
1085,Mo-KoaieDivideRainGage,USGS,USGS,KA,1219.2,22.11425,-159.5866667,NA,NA,NA,NA,NA
1094.2,Kapahi,NWS,HydroNet-UaNet,KA,158.496,22.1021004,-159.3856,USC00513171,KPIH1,15608488,NA,NA
1094.3,KAPAA 1.4 W,CoCoRaHS,CoCoRaHS,KA,139,22.0936,-159.3758,US1HIKI0005,NA,NA,NA,NA
1097.2,KAPAA 1.4 SSW,CoCoRaHS,CoCoRaHS,KA,111,22.0803,-159.3659,US1HIKI0012,NA,NA,NA,NA
1097.3,KAPAA 1.4 SW,CoCoRaHS,CoCoRaHS,KA,111,22.0805,-159.3662,US1HIKI0003,NA,NA,NA,NA
1097.4,KAPAA 1.9 WSW,CoCoRaHS,CoCoRaHS,KA,157,22.0829,-159.3786,US1HIKI0019,NA,NA,NA,NA
1107.3,KAPAA 1.7 E,CoCoRaHS,CoCoRaHS,KA,65,22.0948,-159.3278,US1HIKI0008,NA,NA,NA,NA
1110,HALAULA 1110,COOP,COOP,KA,78,22.11505514,-159.317204,USC00510935,NA,NA,NA,NA
1111.4,Anahola,NWS,HydroNet-UaNet,KA,75.2856,22.1373997,-159.312,NA,ANHH1,1560029C,NA,NA
1115,PH WAINIHA 1115,COOP,COOP,KA,35,22.1959,-159.5564,USC00518155,NA,NA,NA,NA
1115.1,PH Wainiha,NWS,HydroNet-UaNet,KA,35.052,22.1959991,-159.556299999999,NA,WNHH1,NA,NA,NA
1116.1,"HANALEI 3.0 W, HI US",CoCoRaHs,CoCoRaHs,KA,10.457,22.2103,-159.5492,US1HIKI0024,NA,NA,NA,NA
1117,PRINCEVILLE RANCH 1117,COOP,COOP,KA,90,22.213196,-159.4722008,USC00518165,NA,NA,NA,NA
1117.8,Hanalei,NWS,HydroNet-UaNet,KA,4.8768,22.1982002,-159.4951,USC00513386,HNIH1,NA,NA,NA
1118.7,PRINCEVILLE 0.5 E,CoCoRaHS,CoCoRaHS,KA,57,22.2242,-159.4777,US1HIKI0013,NA,NA,NA,NA
1118.8,PRINCEVILLE 0.8 ESE,COOP,COOP,KA,86.9,22.217157,-159.474314,US1HIKI0028,NA,NA,NA,NA
1131.5,PRINCEVILLE 2.4 SE,CoCoRaHS,CoCoRaHS,KA,119,22.1996,-159.458,US1HIKI0007,NA,NA,NA,NA
1131.7,HanaleiRainGageatHanalei,USGS,USGS,KA,18.288,22.17958333,-159.4663889,NA,NA,NA,NA,NA
1134,KILAUEA 1134,COOP,COOP,KA,96,22.21194093,-159.4072015,USC00514561,NA,NA,NA,NA
1134.1,KILAUEA 0.3 SE,CoCoRaHS,CoCoRaHS,KA,96,22.208,-159.4062,US1HIKI0001,NA,NA,NA,NA
1134.2,KILAUEA 0.5 SE,CoCoRaHS,CoCoRaHS,KA,79,22.2057,-159.4048,US1HIKI0006,NA,NA,NA,NA
1137,KOLOKO RESERVOIR 113,COOP,COOP,KA,224,22.18140774,-159.3777576,USC00514758,NA,NA,NA,NA
1144.1,ANAHOLA 2.8 N,CoCoRaHS,CoCoRaHS,KA,74,22.1869,-159.3236,US1HIKI0021,NA,NA,NA,NA
1145,MOLOAA 1145,COOP,COOP,KA,101,22.17972,-159.33194,USC00516529,NA,NA,NA,NA
1146,Moloaa Dairy,RAWS,RAWS,KA,85.344,22.18333333,-159.3375,USR0000HMOL,MLDH1,AAB6D15A,NA,NA
9891,HOLUALOA 0.95,COOP,COOP,BI,527.3,19.6225861,-155.927558,US1HIHI0067,NA,NA,NA,NA
